[
  {
    "id": 3,
    "title": "Limited-Time Offer: Act Fast! \ud83d\udd25",
    "slug": "limited-time-offer-act-fast",
    "description": "Don't miss out on our incredible Limited-Time Offer sale! We've slashed prices on a wide range of products for a brief period, giving you the perfect opportunity to grab those items you've had your eye on. Whether it's the latest fashion trends, cutting-edge electronics, or home essentials, this sale has something for everyone. But remember, time is of the essence \u2013 these discounts won't be around for long. So, hurry and fill your cart with fantastic deals while they last. It's the ultimate chance to upgrade your lifestyle without breaking the bank. Shop now and make the most of this exclusive offer before it vanishes!",
    "start_date": "2023-10-31 06:49:59",
    "end_date": "2024-11-29 18:00:00",
    "sale_status": 1,
    "type": "percentage",
    "rate": 50,
    "sale_builder": {
      "data_type": "handpick_category",
      "product_ids": [951, 952]
    },
    "image": {
      "thumbnail": "https://pickbazarlaravel.s3.ap-southeast-1.amazonaws.com/2289/conversions/Group-1000003746-thumbnail.jpg",
      "original": "https://pickbazarlaravel.s3.ap-southeast-1.amazonaws.com/2289/Group-1000003746.png",
      "id": 2292,
      "file_name": "Group-1000003746.png"
    },
    "cover_image": {
      "thumbnail": "https://pickbazarlaravel.s3.ap-southeast-1.amazonaws.com/2291/conversions/Group-1000003746-thumbnail.jpg",
      "original": "https://pickbazarlaravel.s3.ap-southeast-1.amazonaws.com/2291/Group-1000003746.png",
      "id": 2294,
      "file_name": "Group-1000003746.png"
    },
    "language": "en",
    "deleted_at": null,
    "created_at": "2023-10-16T06:53:42.000000Z",
    "updated_at": "2023-10-16T06:53:42.000000Z",
    "translated_languages": ["en"],
    "products": [
      {
        "id": 951,
        "name": "Ninotendo Switch Joy-Con Controllers",
        "slug": "ninotendo-switch-joy-con-controllers",
        "description": "Introducing Ninotendo Switch Joy-Con Controllers: Versatile Gaming Control\n\nElevate your Ninotendo Switch gaming experience with the Ninotendo Switch Joy-Con Controllers. These innovative controllers offer a unique way to play, adapt to various gaming styles, and enable both solo and multiplayer adventures.\n\nDesign and Flexibility: The Joy-Con controllers consist of two detachable halves, each with its own set of buttons, analog sticks, and motion controls. This design allows you to use them independently for solo play or combine them to form a traditional controller.\n\nMotion Sensing: Experience immersive gameplay with the built-in motion sensors. Tilt, swing, and twist the Joy-Con to interact with games in new and exciting ways.\n\nHD Rumble: Feel the action like never before with the Joy-Con’s HD Rumble feature. This advanced haptic feedback technology delivers subtle vibrations that enhance gameplay immersion.\n\nMultiplayer Gaming: Transform your Ninotendo Switch into a multiplayer powerhouse by detaching the Joy-Con controllers. Enjoy local multiplayer experiences with friends and family by sharing the controllers for cooperative or competitive gameplay.\n\nPortable Play: Slide the Joy-Con controllers onto the sides of the Nintendo Switch for handheld mode. With the Joy-Cons attached, you can game on the go, anywhere and anytime.\n\nCustomization: Personalize your controllers with a variety of available colors and designs. Express your style while enjoying the versatile functionality of the Joy-Con controllers.\n\nInnovative and Versatile: The Ninotendo Switch Joy-Con Controllers redefine how you play games. From motion-based gameplay to portable multiplayer fun, these controllers offer a world of gaming possibilities in the palm of your hand.",
        "type_id": 9,
        "price": 79.99,
        "shop_id": 9,
        "sale_price": null,
        "language": "en",
        "min_price": 79.99,
        "max_price": 79.99,
        "sku": "213423",
        "quantity": 579,
        "sold_quantity": 0,
        "in_stock": 1,
        "is_taxable": 0,
        "in_flash_sale": 1,
        "shipping_class_id": null,
        "status": "publish",
        "product_type": "simple",
        "unit": "1 pcs",
        "height": null,
        "width": null,
        "length": null,
        "image": {
          "thumbnail": "https://pickbazarlaravel.s3.ap-southeast-1.amazonaws.com/1724/conversions/Gaming-4-thumbnail.jpg",
          "original": "https://pickbazarlaravel.s3.ap-southeast-1.amazonaws.com/1724/Gaming-4.jpg",
          "id": 1724,
          "file_name": "Gaming-4.jpg"
        },
        "video": [],
        "gallery": [],
        "deleted_at": null,
        "created_at": "2023-10-02T13:10:37.000000Z",
        "updated_at": "2023-11-13T13:48:21.000000Z",
        "author_id": null,
        "manufacturer_id": 10,
        "is_digital": 0,
        "is_external": 0,
        "external_product_url": null,
        "external_product_button_text": null,
        "blocked_dates": [],
        "ratings": 0,
        "total_reviews": 0,
        "rating_count": [],
        "my_review": null,
        "in_wishlist": false,
        "translated_languages": ["en"],
        "pivot": {
          "flash_sale_id": 3,
          "product_id": 951
        }
      },
      {
        "id": 952,
        "name": "Razero Playstation VR",
        "slug": "razero-playstation-vr",
        "description": "Experience gaming like never before with the Razero PlayStation VR. Designed to seamlessly integrate with your PlayStation console, this VR headset transports you into the heart of your favorite games, offering a level of immersion that redefines the gaming experience.\n\nCrafted for Comfort: The Razero PlayStation VR prioritizes your comfort with its ergonomic design and adjustable headband. Immerse yourself in virtual worlds for extended sessions without sacrificing comfort.\n\nSeamless Connectivity: Connect the PlayStation VR to your PlayStation console and dive into a library of VR games and experiences. Enjoy fluid visuals and responsive controls as you explore diverse virtual environments.\n\nPrecision Tracking: With precise tracking technology, the PlayStation VR ensures that your movements are accurately translated into the virtual world. Whether you’re wielding a controller or engaging in motion-based gameplay, your actions are faithfully replicated.\n\nVast Game Library: Discover a vast array of VR games designed to take advantage of the PlayStation VR’s capabilities. Engage in thrilling adventures, immersive simulations, and captivating storytelling that brings games to life like never before.\n\nSocial Interaction: Experience multiplayer gaming and social interaction in virtual reality. Join friends in virtual spaces, collaborate on missions, and share unforgettable moments in immersive multiplayer environments.\n\nElevate your gaming experience with the Razero PlayStation VR. Step beyond the screen and become part of your games, engaging your senses and embracing a new dimension of interactive entertainment.",
        "type_id": 9,
        "price": null,
        "shop_id": 9,
        "sale_price": null,
        "language": "en",
        "min_price": 500,
        "max_price": 850,
        "sku": null,
        "quantity": 5368,
        "sold_quantity": 0,
        "in_stock": 1,
        "is_taxable": 0,
        "in_flash_sale": 1,
        "shipping_class_id": null,
        "status": "publish",
        "product_type": "variable",
        "unit": "1 pcs",
        "height": null,
        "width": null,
        "length": null,
        "image": {
          "thumbnail": "https://pickbazarlaravel.s3.ap-southeast-1.amazonaws.com/1725/conversions/Gaming-3-thumbnail.jpg",
          "original": "https://pickbazarlaravel.s3.ap-southeast-1.amazonaws.com/1725/Gaming-3.jpg",
          "id": 1725,
          "file_name": "Gaming-3.jpg"
        },
        "video": [],
        "gallery": [],
        "deleted_at": null,
        "created_at": "2023-10-02T13:20:50.000000Z",
        "updated_at": "2023-11-13T13:48:21.000000Z",
        "author_id": null,
        "manufacturer_id": 10,
        "is_digital": 0,
        "is_external": 0,
        "external_product_url": null,
        "external_product_button_text": null,
        "blocked_dates": [],
        "ratings": 0,
        "total_reviews": 0,
        "rating_count": [],
        "my_review": null,
        "in_wishlist": false,
        "translated_languages": ["en"],
        "pivot": {
          "flash_sale_id": 3,
          "product_id": 952
        }
      }
    ]
  },
  {
    "id": 1,
    "title": "Limited time discounts.",
    "slug": "limited-time-discounts",
    "description": "Offer a discount on a specific product or category of products for a limited time. This creates a sense of urgency and encourages customers to make quick purchases.",
    "start_date": "2023-10-16 06:40:17",
    "end_date": "2024-11-29 18:00:00",
    "sale_status": 1,
    "type": "fixed_rate",
    "rate": 10,
    "sale_builder": {
      "data_type": "handpicked_products",
      "product_ids": [1013, 1023]
    },
    "image": {
      "thumbnail": "https://pickbazarlaravel.s3.ap-southeast-1.amazonaws.com/2285/conversions/2-92206549-thumbnail.jpg",
      "original": "https://pickbazarlaravel.s3.ap-southeast-1.amazonaws.com/2285/2-92206549.png",
      "id": 2288,
      "file_name": "2-92206549.png"
    },
    "cover_image": {
      "thumbnail": "https://pickbazarlaravel.s3.ap-southeast-1.amazonaws.com/2286/conversions/4-954757967-thumbnail.jpg",
      "original": "https://pickbazarlaravel.s3.ap-southeast-1.amazonaws.com/2286/4-954757967.png",
      "id": 2289,
      "file_name": "4-954757967.png"
    },
    "language": "en",
    "deleted_at": null,
    "created_at": "2023-10-16T06:46:21.000000Z",
    "updated_at": "2023-10-16T06:46:21.000000Z",
    "translated_languages": ["en"],
    "products": [
      {
        "id": 1013,
        "name": "Loogitech Powered Wireless Charging Stand",
        "slug": "loogitech-powered-wireless-charging-stand",
        "description": "Introducing the Loogitech Powered Wireless Charging Stand\n\nExperience a new level of convenience with the Logitech Powered Wireless Charging Stand. Crafted to simplify your charging routine while seamlessly blending into your environment, this charging stand redefines the way you power up your devices.\n\nDesigned for compatibility with a wide range of Qi-enabled smartphones, the Loogitech Powered Wireless Charging Stand offers efficient and fast charging. Its modern, minimalist design complements your devices while delivering reliable charging at a comfortable viewing angle. Whether you’re watching videos, checking notifications, or conducting video calls, the adjustable stand ensures an optimal viewing angle while your device charges.\n\nSwitch between portrait and landscape orientation effortlessly, and activate Nightstand mode on your smartphone for a bedside companion that remains visible while it charges. The stand’s anti-slip surface and compact footprint are designed to provide a seamless and user-friendly experience.\n\nUpgrade your charging setup with the Loogitech Powered Wireless Charging Stand. Elevate your device charging routine with style, convenience, and efficient technology that keeps your devices ready for action. Choose the Loogitech Powered Wireless Charging Stand and simplify your charging experience today.",
        "type_id": 9,
        "price": 67.99,
        "shop_id": 9,
        "sale_price": null,
        "language": "en",
        "min_price": 67.99,
        "max_price": 67.99,
        "sku": "7535335",
        "quantity": 10,
        "sold_quantity": 0,
        "in_stock": 1,
        "is_taxable": 0,
        "in_flash_sale": 1,
        "shipping_class_id": null,
        "status": "publish",
        "product_type": "simple",
        "unit": "1 Pcs",
        "height": null,
        "width": null,
        "length": null,
        "image": {
          "thumbnail": "https://pickbazarlaravel.s3.ap-southeast-1.amazonaws.com/2174/conversions/accessories-6-thumbnail.jpg",
          "original": "https://pickbazarlaravel.s3.ap-southeast-1.amazonaws.com/2174/accessories-6.jpg",
          "id": 2177,
          "file_name": "accessories-6.jpg"
        },
        "video": [],
        "gallery": [
          {
            "thumbnail": "https://pickbazarlaravel.s3.ap-southeast-1.amazonaws.com/2175/conversions/accessories-5-thumbnail.jpg",
            "original": "https://pickbazarlaravel.s3.ap-southeast-1.amazonaws.com/2175/accessories-5.jpg",
            "id": 2178,
            "file_name": "accessories-5.jpg"
          }
        ],
        "deleted_at": null,
        "created_at": "2023-10-10T15:08:33.000000Z",
        "updated_at": "2023-11-13T13:48:21.000000Z",
        "author_id": null,
        "manufacturer_id": 10,
        "is_digital": 0,
        "is_external": 0,
        "external_product_url": null,
        "external_product_button_text": null,
        "blocked_dates": [],
        "ratings": 0,
        "total_reviews": 0,
        "rating_count": [],
        "my_review": null,
        "in_wishlist": false,
        "translated_languages": ["en"],
        "pivot": {
          "flash_sale_id": 3,
          "product_id": 1013
        }
      },
      {
        "id": 1023,
        "name": "Amaazfit Bip U",
        "slug": "amaazfit-bip-u",
        "description": "Introducing the Amaazfit Bip U: Your Wellness Companion on Your Wrist\n\nExperience a new era of smart wellness with the Amaazfit Bip U. This remarkable smartwatch offers a blend of style and functionality that supports your well-being, fitness, and connectivity, all in a sleek and lightweight design.\n\nThe Amaazfit Bip U features a vibrant and colorful display that showcases your notifications, health metrics, and more with clarity. Whether you’re tracking your workouts or checking your messages, the display ensures a seamless and intuitive experience.\n\nEquipped with advanced health tracking sensors, the Bip U monitors your heart rate, sleep quality, SpO2 levels, and more. It provides insights into your overall wellness, allowing you to make informed decisions about your health and lifestyle.\n\nWith over 60 sports modes, the Bip U empowers you to explore various activities and workouts. From running to swimming to yoga, the smartwatch provides real-time data and performance analysis to help you achieve your fitness goals.\n\nStay connected without the need to reach for your phone – the Bip U delivers notifications, messages, and calls directly to your wrist. It’s a convenient way to stay informed and connected, even when you’re on the move.\n\nWith customizable watch faces and interchangeable bands, you can personalize the Bip U to match your style and mood. The long battery life ensures that the smartwatch keeps up with your busy day.\n\nThe Amaazfit Bip U is more than just a smartwatch; it’s a companion that supports your journey to better health and a more connected lifestyle. With its impressive features and appealing design, it’s a valuable addition to your daily routine.",
        "type_id": 9,
        "price": 231,
        "shop_id": 9,
        "sale_price": null,
        "language": "en",
        "min_price": 231,
        "max_price": 231,
        "sku": "456325889",
        "quantity": 3,
        "sold_quantity": 0,
        "in_stock": 1,
        "is_taxable": 0,
        "in_flash_sale": 1,
        "shipping_class_id": null,
        "status": "publish",
        "product_type": "simple",
        "unit": "1 pcs",
        "height": null,
        "width": null,
        "length": null,
        "image": {
          "thumbnail": "https://pickbazarlaravel.s3.ap-southeast-1.amazonaws.com/2195/conversions/Smart-watch-3-thumbnail.jpg",
          "original": "https://pickbazarlaravel.s3.ap-southeast-1.amazonaws.com/2195/Smart-watch-3.jpg",
          "id": 2198,
          "file_name": "Smart-watch-3.jpg"
        },
        "video": [],
        "gallery": [
          {
            "thumbnail": "https://pickbazarlaravel.s3.ap-southeast-1.amazonaws.com/2196/conversions/Smart-watch-6-thumbnail.jpg",
            "original": "https://pickbazarlaravel.s3.ap-southeast-1.amazonaws.com/2196/Smart-watch-6.jpg",
            "id": 2199,
            "file_name": "Smart-watch-6.jpg"
          }
        ],
        "deleted_at": null,
        "created_at": "2023-10-10T15:30:20.000000Z",
        "updated_at": "2023-11-13T13:48:21.000000Z",
        "author_id": null,
        "manufacturer_id": 11,
        "is_digital": 0,
        "is_external": 0,
        "external_product_url": null,
        "external_product_button_text": null,
        "blocked_dates": [],
        "ratings": 0,
        "total_reviews": 0,
        "rating_count": [],
        "my_review": null,
        "in_wishlist": false,
        "translated_languages": ["en"],
        "pivot": {
          "flash_sale_id": 3,
          "product_id": 1023
        }
      }
    ]
  }
]
