[
  {
    "id": 1,
    "name": "Too cool publication",
    "slug": "too-cool-publication",
    "language": "en",
    "translated_languages": ["en"],
    "products_count": 8,
    "is_approved": 1,
    "description": "To publish is to make content available to the generalpublic.While specific use of the term may vary among countries, it's generally applied to textbook, images, or other audio-visual content, including paper ( journals, magazines, registers,etc.). The word publication means the act of publishing, and also any published clones issued for public distribution.",
    "website": "https://redq.io/",
    "socials": [
      {
        "url": "https://www.facebook.com/redqinc/",
        "icon": "FacebookIcon"
      },
      {
        "url": "https://www.instagram.com/redqinc/",
        "icon": "InstagramIcon"
      },
      {
        "url": "https://www.youtube.com/channel/UCjld1tyVHRNy_pe3ROLiLhw",
        "icon": "YouTubeIcon"
      }
    ],
    "image": {
      "id": 1410,
      "original": "https://pickbazarlaravel.s3.ap-southeast-1.amazonaws.com/1410/Publisher-logo-2.png",
      "thumbnail": "https://pickbazarlaravel.s3.ap-southeast-1.amazonaws.com/1410/conversions/Publisher-logo-2-thumbnail.jpg"
    },
    "cover_image": {
      "id": 1388,
      "original": "https://pickbazarlaravel.s3.ap-southeast-1.amazonaws.com/1388/Publisher-banner-2.png",
      "thumbnail": "https://pickbazarlaravel.s3.ap-southeast-1.amazonaws.com/1388/conversions/Publisher-banner-2-thumbnail.jpg"
    },
    "type": {
      "id": 8,
      "name": "Books",
      "slug": "books",
      "logo": null
    }
  },
  {
    "id": 2,
    "name": "Jeremy Publications",
    "slug": "jeremy-publications",
    "language": "en",
    "translated_languages": ["en"],
    "products_count": 11,
    "is_approved": 1,
    "description": "To publish is to make content available to the generalpublic.While specific use of the term may vary among countries, it's generally applied to textbook, images, or other audio-visual content, including paper ( journals, magazines, registers,etc.). The word publication means the act of publishing, and also any published clones issued for public distribution.",
    "website": "https://redq.io/",
    "socials": [
      {
        "url": "https://www.facebook.com/redqinc/",
        "icon": "FacebookIcon"
      },
      {
        "url": "https://www.instagram.com/redqinc/",
        "icon": "InstagramIcon"
      },
      {
        "url": "https://www.youtube.com/channel/UCjld1tyVHRNy_pe3ROLiLhw",
        "icon": "YouTubeIcon"
      }
    ],
    "image": {
      "id": 1409,
      "original": "https://pickbazarlaravel.s3.ap-southeast-1.amazonaws.com/1409/Publisher-logo-1.png",
      "thumbnail": "https://pickbazarlaravel.s3.ap-southeast-1.amazonaws.com/1409/conversions/Publisher-logo-1-thumbnail.jpg"
    },
    "cover_image": {
      "id": 1386,
      "original": "https://pickbazarlaravel.s3.ap-southeast-1.amazonaws.com/1386/Publisher-banner-1.png",
      "thumbnail": "https://pickbazarlaravel.s3.ap-southeast-1.amazonaws.com/1386/conversions/Publisher-banner-1-thumbnail.jpg"
    },
    "type": {
      "id": 8,
      "name": "Books",
      "slug": "books",
      "logo": null
    }
  },
  {
    "id": 3,
    "name": "Wonder Publications",
    "slug": "wonder-publications",
    "language": "en",
    "translated_languages": ["en"],
    "products_count": 13,
    "is_approved": 1,
    "description": "To publish is to make content available to the generalpublic.While specific use of the term may vary among countries, it's generally applied to textbook, images, or other audio-visual content, including paper ( journals, magazines, registers,etc.). The word publication means the act of publishing, and also any published clones issued for public distribution.",
    "website": null,
    "socials": [
      {
        "url": "https://www.facebook.com/redqinc/",
        "icon": "FacebookIcon"
      },
      {
        "url": "https://www.instagram.com/redqinc/",
        "icon": "InstagramIcon"
      },
      {
        "url": "https://www.youtube.com/channel/UCjld1tyVHRNy_pe3ROLiLhw",
        "icon": "YouTubeIcon"
      }
    ],
    "image": {
      "id": 1408,
      "original": "https://pickbazarlaravel.s3.ap-southeast-1.amazonaws.com/1408/Publisher-logo-3.png",
      "thumbnail": "https://pickbazarlaravel.s3.ap-southeast-1.amazonaws.com/1408/conversions/Publisher-logo-3-thumbnail.jpg"
    },
    "cover_image": {
      "id": 1390,
      "original": "https://pickbazarlaravel.s3.ap-southeast-1.amazonaws.com/1390/Publisher-banner-3.png",
      "thumbnail": "https://pickbazarlaravel.s3.ap-southeast-1.amazonaws.com/1390/conversions/Publisher-banner-3-thumbnail.jpg"
    },
    "type": {
      "id": 8,
      "name": "Books",
      "slug": "books",
      "logo": null
    }
  },
  {
    "id": 4,
    "name": "Super Publication",
    "slug": "super-publication",
    "language": "en",
    "translated_languages": ["en"],
    "products_count": 13,
    "is_approved": 1,
    "description": "To publish is to make content available to the generalpublic.While specific use of the term may vary among countries, it's generally applied to textbook, images, or other audio-visual content, including paper ( journals, magazines, registers,etc.). The word publication means the act of publishing, and also any published clones issued for public distribution.",
    "website": null,
    "socials": [],
    "image": {
      "id": 1407,
      "original": "https://pickbazarlaravel.s3.ap-southeast-1.amazonaws.com/1407/Publisher-logo-4.png",
      "thumbnail": "https://pickbazarlaravel.s3.ap-southeast-1.amazonaws.com/1407/conversions/Publisher-logo-4-thumbnail.jpg"
    },
    "cover_image": {
      "id": 1392,
      "original": "https://pickbazarlaravel.s3.ap-southeast-1.amazonaws.com/1392/Publisher-banner-4.png",
      "thumbnail": "https://pickbazarlaravel.s3.ap-southeast-1.amazonaws.com/1392/conversions/Publisher-banner-4-thumbnail.jpg"
    },
    "type": {
      "id": 8,
      "name": "Books",
      "slug": "books",
      "logo": null
    }
  },
  {
    "id": 5,
    "name": "Poppy Publication",
    "slug": "poppy-publication",
    "language": "en",
    "translated_languages": ["en"],
    "products_count": 7,
    "is_approved": 1,
    "description": "To publish is to make content available to the generalpublic.While specific use of the term may vary among countries, it's generally applied to textbook, images, or other audio-visual content, including paper ( journals, magazines, registers,etc.). The word publication means the act of publishing, and also any published clones issued for public distribution.",
    "website": null,
    "socials": [
      {
        "url": "https://www.youtube.com/channel/UCjld1tyVHRNy_pe3ROLiLhw",
        "icon": "YouTubeIcon"
      },
      {
        "url": "https://www.instagram.com/redqinc/",
        "icon": "InstagramIcon"
      },
      {
        "url": "https://www.facebook.com/redqinc/",
        "icon": "FacebookIcon"
      }
    ],
    "image": {
      "id": 1406,
      "original": "https://pickbazarlaravel.s3.ap-southeast-1.amazonaws.com/1406/Publisher-logo-5.png",
      "thumbnail": "https://pickbazarlaravel.s3.ap-southeast-1.amazonaws.com/1406/conversions/Publisher-logo-5-thumbnail.jpg"
    },
    "cover_image": {
      "id": 1394,
      "original": "https://pickbazarlaravel.s3.ap-southeast-1.amazonaws.com/1394/Publisher-banner-5.png",
      "thumbnail": "https://pickbazarlaravel.s3.ap-southeast-1.amazonaws.com/1394/conversions/Publisher-banner-5-thumbnail.jpg"
    },
    "type": {
      "id": 8,
      "name": "Books",
      "slug": "books",
      "logo": null
    }
  },
  {
    "id": 6,
    "name": "ABC Publication",
    "slug": "abc-publication",
    "language": "en",
    "translated_languages": ["en"],
    "products_count": 7,
    "is_approved": 1,
    "description": "To publish is to make content available to the generalpublic.While specific use of the term may vary among countries, it's generally applied to textbook, images, or other audio-visual content, including paper ( journals, magazines, registers,etc.). The word publication means the act of publishing, and also any published clones issued for public distribution.",
    "website": null,
    "socials": [
      {
        "url": "https://www.youtube.com/channel/UCjld1tyVHRNy_pe3ROLiLhw",
        "icon": "YouTubeIcon"
      },
      {
        "url": "https://www.instagram.com/redqinc/",
        "icon": "InstagramIcon"
      },
      {
        "url": "https://www.facebook.com/redqinc/",
        "icon": "FacebookIcon"
      }
    ],
    "image": {
      "id": 1405,
      "original": "https://pickbazarlaravel.s3.ap-southeast-1.amazonaws.com/1405/Publisher-logo-6.png",
      "thumbnail": "https://pickbazarlaravel.s3.ap-southeast-1.amazonaws.com/1405/conversions/Publisher-logo-6-thumbnail.jpg"
    },
    "cover_image": {
      "id": 1396,
      "original": "https://pickbazarlaravel.s3.ap-southeast-1.amazonaws.com/1396/Publisher-banner-6.png",
      "thumbnail": "https://pickbazarlaravel.s3.ap-southeast-1.amazonaws.com/1396/conversions/Publisher-banner-6-thumbnail.jpg"
    },
    "type": {
      "id": 8,
      "name": "Books",
      "slug": "books",
      "logo": null
    }
  },
  {
    "id": 7,
    "name": "Be Publication",
    "slug": "be-publication",
    "language": "en",
    "translated_languages": ["en"],
    "products_count": 3,
    "is_approved": 1,
    "description": "To publish is to make content available to the generalpublic.While specific use of the term may vary among countries, it's generally applied to textbook, images, or other audio-visual content, including paper ( journals, magazines, registers,etc.). The word publication means the act of publishing, and also any published clones issued for public distribution.",
    "website": null,
    "socials": [
      {
        "url": "https://www.facebook.com/redqinc/",
        "icon": "FacebookIcon"
      },
      {
        "url": "https://www.instagram.com/redqinc/",
        "icon": "InstagramIcon"
      },
      {
        "url": "https://www.youtube.com/channel/UCjld1tyVHRNy_pe3ROLiLhw",
        "icon": "YouTubeIcon"
      }
    ],
    "image": {
      "id": 1560,
      "original": "https://pickbazarlaravel.s3.ap-southeast-1.amazonaws.com/1560/Publisher-logo-8.png",
      "thumbnail": "https://pickbazarlaravel.s3.ap-southeast-1.amazonaws.com/1560/conversions/Publisher-logo-8-thumbnail.jpg"
    },
    "cover_image": {
      "id": 1559,
      "original": "https://pickbazarlaravel.s3.ap-southeast-1.amazonaws.com/1559/Publisher-banner-8.png",
      "thumbnail": "https://pickbazarlaravel.s3.ap-southeast-1.amazonaws.com/1559/conversions/Publisher-banner-8-thumbnail.jpg"
    },
    "type": {
      "id": 8,
      "name": "Books",
      "slug": "books",
      "logo": null
    }
  },
  {
    "id": 8,
    "name": "Odien Publication",
    "slug": "odien-publication",
    "language": "en",
    "translated_languages": ["en"],
    "products_count": 3,
    "is_approved": 1,
    "description": "To publish is to make content available to the generalpublic.While specific use of the term may vary among countries, it's generally applied to textbook, images, or other audio-visual content, including paper ( journals, magazines, registers,etc.). The word publication means the act of publishing, and also any published clones issued for public distribution.",
    "website": null,
    "socials": [
      {
        "url": "https://www.youtube.com/channel/UCjld1tyVHRNy_pe3ROLiLhw",
        "icon": "YouTubeIcon"
      },
      {
        "url": "https://www.instagram.com/redqinc/",
        "icon": "InstagramIcon"
      },
      {
        "url": "https://www.facebook.com/redqinc/",
        "icon": "FacebookIcon"
      }
    ],
    "image": {
      "id": 1562,
      "original": "https://pickbazarlaravel.s3.ap-southeast-1.amazonaws.com/1562/Publisher-logo-9.png",
      "thumbnail": "https://pickbazarlaravel.s3.ap-southeast-1.amazonaws.com/1562/conversions/Publisher-logo-9-thumbnail.jpg"
    },
    "cover_image": {
      "id": 1561,
      "original": "https://pickbazarlaravel.s3.ap-southeast-1.amazonaws.com/1561/Publisher-banner-9.png",
      "thumbnail": "https://pickbazarlaravel.s3.ap-southeast-1.amazonaws.com/1561/conversions/Publisher-banner-9-thumbnail.jpg"
    },
    "type": {
      "id": 8,
      "name": "Books",
      "slug": "books",
      "logo": null
    }
  },
  {
    "id": 9,
    "name": "Fancy Publication",
    "slug": "fancy-publication",
    "language": "en",
    "translated_languages": ["en"],
    "products_count": 3,
    "is_approved": 1,
    "description": "To publish is to make content available to the generalpublic.While specific use of the term may vary among countries, it's generally applied to textbook, images, or other audio-visual content, including paper ( journals, magazines, registers,etc.). The word publication means the act of publishing, and also any published clones issued for public distribution.",
    "website": null,
    "socials": [
      {
        "icon": "FacebookIcon",
        "url": "https://www.facebook.com/redqinc/"
      },
      {
        "icon": "InstagramIcon",
        "url": "https://www.instagram.com/redqinc/"
      },
      {
        "icon": "YouTubeIcon",
        "url": "https://www.youtube.com/channel/UCjld1tyVHRNy_pe3ROLiLhw"
      }
    ],
    "image": {
      "thumbnail": "https://pickbazarlaravel.s3.ap-southeast-1.amazonaws.com/1563/conversions/Publisher-logo-10-thumbnail.jpg",
      "original": "https://pickbazarlaravel.s3.ap-southeast-1.amazonaws.com/1563/Publisher-logo-10.png",
      "id": 1563
    },
    "cover_image": {
      "thumbnail": "https://pickbazarlaravel.s3.ap-southeast-1.amazonaws.com/1564/conversions/Publisher-banner-10-thumbnail.jpg",
      "original": "https://pickbazarlaravel.s3.ap-southeast-1.amazonaws.com/1564/Publisher-banner-10.png",
      "id": 1564
    },
    "type": {
      "id": 8,
      "name": "Books",
      "slug": "books",
      "logo": null
    }
  },
  {
    "id": 10,
    "name": "ApexTech",
    "slug": "apextech",
    "language": "en",
    "translated_languages": ["en"],
    "products_count": 19,
    "is_approved": 1,
    "description": "Razer is a global gaming hardware manufacturing company and a prominent brand in the gaming industry. Founded in 2005 by Min-Liang Tan and Robert Krakoff, Razer is headquartered in Singapore and San Francisco. The company is known for designing and producing a wide range of gaming peripherals and accessories, including gaming laptops, keyboards, mice, headsets, and gaming controllers.",
    "website": null,
    "socials": [
      {
        "icon": "FacebookIcon",
        "url": "https://www.facebook.com/redqinc/"
      },
      {
        "icon": "TwitterIcon",
        "url": "https://twitter.com/RedqTeam"
      },
      {
        "icon": "YouTubeIcon",
        "url": "https://www.youtube.com/channel/UCjld1tyVHRNy_pe3ROLiLhw"
      }
    ],
    "image": {
      "thumbnail": "https://pickbazarlaravel.s3.ap-southeast-1.amazonaws.com/2054/conversions/Gadget-logo1-thumbnail.jpg",
      "original": "https://pickbazarlaravel.s3.ap-southeast-1.amazonaws.com/2054/Gadget-logo1.png",
      "id": 2054
    },
    "cover_image": {
      "thumbnail": "https://pickbazarlaravel.s3.ap-southeast-1.amazonaws.com/2053/conversions/Gadget-banner1-thumbnail.jpg",
      "original": "https://pickbazarlaravel.s3.ap-southeast-1.amazonaws.com/2053/Gadget-banner1.png",
      "id": 2053
    },
    "type": {
      "id": 9,
      "name": "Gadget",
      "slug": "gadget",
      "logo": null
    }
  },
  {
    "id": 11,
    "name": "Infinity Gadget",
    "slug": "infinity-gadget",
    "language": "en",
    "translated_languages": ["en"],
    "products_count": 20,
    "is_approved": 1,
    "description": null,
    "website": null,
    "socials": [
      {
        "icon": "FacebookIcon",
        "url": "https://www.facebook.com/redqinc/"
      },
      {
        "icon": "TwitterIcon",
        "url": "https://twitter.com/RedqTeam"
      },
      {
        "icon": "YouTubeIcon",
        "url": "https://www.youtube.com/channel/UCjld1tyVHRNy_pe3ROLiLhw"
      }
    ],
    "image": {
      "thumbnail": "https://pickbazarlaravel.s3.ap-southeast-1.amazonaws.com/2073/conversions/Gadget-logo3-thumbnail.jpg",
      "original": "https://pickbazarlaravel.s3.ap-southeast-1.amazonaws.com/2073/Gadget-logo3.png",
      "id": 2073
    },
    "cover_image": {
      "thumbnail": "https://pickbazarlaravel.s3.ap-southeast-1.amazonaws.com/2075/conversions/Gadget-banner2-thumbnail.jpg",
      "original": "https://pickbazarlaravel.s3.ap-southeast-1.amazonaws.com/2075/Gadget-banner2.png",
      "id": 2075
    },
    "type": {
      "id": 9,
      "name": "Gadget",
      "slug": "gadget",
      "logo": null
    }
  },
  {
    "id": 12,
    "name": "VisionX",
    "slug": "visionx",
    "language": "en",
    "translated_languages": ["en"],
    "products_count": 5,
    "is_approved": 1,
    "description": null,
    "website": null,
    "socials": [
      {
        "icon": "FacebookIcon",
        "url": "https://www.facebook.com/redqinc/"
      },
      {
        "icon": "TwitterIcon",
        "url": "https://twitter.com/RedqTeam"
      },
      {
        "icon": "YouTubeIcon",
        "url": "https://www.youtube.com/channel/UCjld1tyVHRNy_pe3ROLiLhw"
      }
    ],
    "image": {
      "thumbnail": "https://pickbazarlaravel.s3.ap-southeast-1.amazonaws.com/2072/conversions/Gadget-logo2-thumbnail.jpg",
      "original": "https://pickbazarlaravel.s3.ap-southeast-1.amazonaws.com/2072/Gadget-logo2.png",
      "id": 2072
    },
    "cover_image": {
      "thumbnail": "https://pickbazarlaravel.s3.ap-southeast-1.amazonaws.com/2074/conversions/Gadget-banner3-thumbnail.jpg",
      "original": "https://pickbazarlaravel.s3.ap-southeast-1.amazonaws.com/2074/Gadget-banner3.png",
      "id": 2074
    },
    "type": {
      "id": 9,
      "name": "Gadget",
      "slug": "gadget",
      "logo": null
    }
  },
  {
    "id": 18,
    "name": "MediCure",
    "slug": "medicure",
    "language": "en",
    "translated_languages": ["en"],
    "products_count": 13,
    "is_approved": 1,
    "description": null,
    "website": null,
    "socials": [
      {
        "icon": "FacebookIcon",
        "url": "https://www.facebook.com/redqinc/"
      },
      {
        "icon": "TwitterIcon",
        "url": "https://twitter.com/RedqTeam"
      },
      {
        "icon": "YouTubeIcon",
        "url": "https://www.youtube.com/channel/UCjld1tyVHRNy_pe3ROLiLhw"
      }
    ],
    "image": {
      "thumbnail": "https://pickbazarlaravel.s3.ap-southeast-1.amazonaws.com/2065/conversions/Medicine-logo1-thumbnail.jpg",
      "original": "https://pickbazarlaravel.s3.ap-southeast-1.amazonaws.com/2065/Medicine-logo1.png",
      "id": 2065
    },
    "cover_image": {
      "thumbnail": "https://pickbazarlaravel.s3.ap-southeast-1.amazonaws.com/2066/conversions/medicine-banner-1-thumbnail.jpg",
      "original": "https://pickbazarlaravel.s3.ap-southeast-1.amazonaws.com/2066/medicine-banner-1.png",
      "id": 2066
    },
    "type": {
      "id": 11,
      "name": "Medicine",
      "slug": "medicine",
      "logo": null
    }
  },
  {
    "id": 19,
    "name": "HealTech",
    "slug": "healtech",
    "language": "en",
    "translated_languages": ["en"],
    "products_count": 12,
    "is_approved": 1,
    "description": null,
    "website": null,
    "socials": [
      {
        "icon": "FacebookIcon",
        "url": "https://www.facebook.com/redqinc/"
      },
      {
        "icon": "TwitterIcon",
        "url": "https://twitter.com/RedqTeam"
      },
      {
        "icon": "YouTubeIcon",
        "url": "https://www.youtube.com/channel/UCjld1tyVHRNy_pe3ROLiLhw"
      }
    ],
    "image": {
      "thumbnail": "https://pickbazarlaravel.s3.ap-southeast-1.amazonaws.com/2064/conversions/Medicine-logo2-thumbnail.jpg",
      "original": "https://pickbazarlaravel.s3.ap-southeast-1.amazonaws.com/2064/Medicine-logo2.png",
      "id": 2064
    },
    "cover_image": {
      "thumbnail": "https://pickbazarlaravel.s3.ap-southeast-1.amazonaws.com/2067/conversions/medicine-banner-thumbnail.jpg",
      "original": "https://pickbazarlaravel.s3.ap-southeast-1.amazonaws.com/2067/medicine-banner.png",
      "id": 2067
    },
    "type": {
      "id": 11,
      "name": "Medicine",
      "slug": "medicine",
      "logo": null
    }
  }
]
