[
  {
    "id": 951,
    "name": "Ninotendo Switch Joy-Con Controllers",
    "slug": "ninotendo-switch-joy-con-controllers",
    "description": "Introducing Ninotendo Switch Joy-Con Controllers: Versatile Gaming Control\n\nElevate your Ninotendo Switch gaming experience with the Ninotendo Switch Joy-Con Controllers. These innovative controllers offer a unique way to play, adapt to various gaming styles, and enable both solo and multiplayer adventures.\n\nDesign and Flexibility: The Joy-Con controllers consist of two detachable halves, each with its own set of buttons, analog sticks, and motion controls. This design allows you to use them independently for solo play or combine them to form a traditional controller.\n\nMotion Sensing: Experience immersive gameplay with the built-in motion sensors. Tilt, swing, and twist the Joy-Con to interact with games in new and exciting ways.\n\nHD Rumble: Feel the action like never before with the Joy-Con\u2019s HD Rumble feature. This advanced haptic feedback technology delivers subtle vibrations that enhance gameplay immersion.\n\nMultiplayer Gaming: Transform your Ninotendo Switch into a multiplayer powerhouse by detaching the Joy-Con controllers. Enjoy local multiplayer experiences with friends and family by sharing the controllers for cooperative or competitive gameplay.\n\nPortable Play: Slide the Joy-Con controllers onto the sides of the Nintendo Switch for handheld mode. With the Joy-Cons attached, you can game on the go, anywhere and anytime.\n\nCustomization: Personalize your controllers with a variety of available colors and designs. Express your style while enjoying the versatile functionality of the Joy-Con controllers.\n\nInnovative and Versatile: The Ninotendo Switch Joy-Con Controllers redefine how you play games. From motion-based gameplay to portable multiplayer fun, these controllers offer a world of gaming possibilities in the palm of your hand.",
    "type_id": 9,
    "price": 79.99,
    "shop_id": 9,
    "sale_price": null,
    "language": "en",
    "min_price": 79.99,
    "max_price": 79.99,
    "sku": "213423",
    "quantity": 579,
    "sold_quantity": 0,
    "in_stock": 1,
    "is_taxable": 0,
    "in_flash_sale": 1,
    "shipping_class_id": null,
    "status": "publish",
    "product_type": "simple",
    "unit": "1 pcs",
    "height": null,
    "width": null,
    "length": null,
    "image": {
      "thumbnail": "https://pickbazarlaravel.s3.ap-southeast-1.amazonaws.com/1724/conversions/Gaming-4-thumbnail.jpg",
      "original": "https://pickbazarlaravel.s3.ap-southeast-1.amazonaws.com/1724/Gaming-4.jpg",
      "id": 1724,
      "file_name": "Gaming-4.jpg"
    },
    "video": [],
    "gallery": [],
    "deleted_at": null,
    "created_at": "2023-10-02T13:10:37.000000Z",
    "updated_at": "2023-11-16T04:26:28.000000Z",
    "author_id": null,
    "manufacturer_id": 10,
    "is_digital": 0,
    "is_external": 0,
    "external_product_url": null,
    "external_product_button_text": null,
    "blocked_dates": [],
    "ratings": 0,
    "total_reviews": 0,
    "rating_count": [],
    "my_review": null,
    "in_wishlist": false,
    "translated_languages": ["en"]
  },
  {
    "id": 952,
    "name": "Razero Playstation VR",
    "slug": "razero-playstation-vr",
    "description": "Experience gaming like never before with the Razero PlayStation VR. Designed to seamlessly integrate with your PlayStation console, this VR headset transports you into the heart of your favorite games, offering a level of immersion that redefines the gaming experience.\n\nCrafted for Comfort: The Razero PlayStation VR prioritizes your comfort with its ergonomic design and adjustable headband. Immerse yourself in virtual worlds for extended sessions without sacrificing comfort.\n\nSeamless Connectivity: Connect the PlayStation VR to your PlayStation console and dive into a library of VR games and experiences. Enjoy fluid visuals and responsive controls as you explore diverse virtual environments.\n\nPrecision Tracking: With precise tracking technology, the PlayStation VR ensures that your movements are accurately translated into the virtual world. Whether you\u2019re wielding a controller or engaging in motion-based gameplay, your actions are faithfully replicated.\n\nVast Game Library: Discover a vast array of VR games designed to take advantage of the PlayStation VR\u2019s capabilities. Engage in thrilling adventures, immersive simulations, and captivating storytelling that brings games to life like never before.\n\nSocial Interaction: Experience multiplayer gaming and social interaction in virtual reality. Join friends in virtual spaces, collaborate on missions, and share unforgettable moments in immersive multiplayer environments.\n\nElevate your gaming experience with the Razero PlayStation VR. Step beyond the screen and become part of your games, engaging your senses and embracing a new dimension of interactive entertainment.",
    "type_id": 9,
    "price": null,
    "shop_id": 9,
    "sale_price": null,
    "language": "en",
    "min_price": 500,
    "max_price": 850,
    "sku": null,
    "quantity": 5368,
    "sold_quantity": 0,
    "in_stock": 1,
    "is_taxable": 0,
    "in_flash_sale": 1,
    "shipping_class_id": null,
    "status": "publish",
    "product_type": "variable",
    "unit": "1 pcs",
    "height": null,
    "width": null,
    "length": null,
    "image": {
      "thumbnail": "https://pickbazarlaravel.s3.ap-southeast-1.amazonaws.com/1725/conversions/Gaming-3-thumbnail.jpg",
      "original": "https://pickbazarlaravel.s3.ap-southeast-1.amazonaws.com/1725/Gaming-3.jpg",
      "id": 1725,
      "file_name": "Gaming-3.jpg"
    },
    "video": [],
    "gallery": [],
    "deleted_at": null,
    "created_at": "2023-10-02T13:20:50.000000Z",
    "updated_at": "2023-11-16T04:26:28.000000Z",
    "author_id": null,
    "manufacturer_id": 10,
    "is_digital": 0,
    "is_external": 0,
    "external_product_url": null,
    "external_product_button_text": null,
    "blocked_dates": [],
    "ratings": 0,
    "total_reviews": 0,
    "rating_count": [],
    "my_review": null,
    "in_wishlist": false,
    "translated_languages": ["en"]
  },
  {
    "id": 953,
    "name": "Makbook Pro M1",
    "slug": "makbook-pro-m1",
    "description": "Prepare to elevate your computing experience with the Makbook Pro featuring the revolutionary M1 chip. This powerhouse of innovation redefines what a laptop can achieve, blending performance, efficiency, and a seamless user experience.\n\nThe Makbook Pro\u2019s M1 chip propels performance to new heights, delivering faster processing speeds, efficient multitasking, and astonishing graphics capabilities. Whether you\u2019re editing videos, running complex simulations, or designing intricate graphics, the M1 chip ensures that every task is executed with unmatched speed and precision.\n\nThe laptop\u2019s Retina display showcases vivid colors, deep blacks, and sharp details, transforming your visual content into a captivating masterpiece. With True Tone technology, the display adapts to your environment, ensuring optimal color accuracy and comfort during extended use.\n\nThe M1 chip\u2019s efficiency also translates to exceptional battery life, allowing you to work, create, and explore for longer periods without interruptions. Whether you\u2019re in the boardroom, the studio, or on the go, the MacBook Pro keeps up with your pace, letting you focus on what matters most.\n\nThe Magic Keyboard offers a comfortable typing experience, while the Touch Bar provides dynamic shortcuts and controls that adapt to your tasks. The laptop\u2019s sleek aluminum build exudes sophistication, making it a statement piece in any setting.\n\nSecurity is paramount, and the Makbook Pro is equipped with the Makbook T2 Security Chip, ensuring your data remains safe and your privacy intact. Whether you\u2019re a professional, a creator, or a student, the MacBook Pro with M1 chip is a canvas for your aspirations, unleashing your creativity and fueling your productivity like never before.",
    "type_id": 9,
    "price": null,
    "shop_id": 9,
    "sale_price": null,
    "language": "en",
    "min_price": 1850,
    "max_price": 1850,
    "sku": null,
    "quantity": 405,
    "sold_quantity": 0,
    "in_stock": 1,
    "is_taxable": 0,
    "in_flash_sale": 1,
    "shipping_class_id": null,
    "status": "publish",
    "product_type": "variable",
    "unit": "1 Pcs",
    "height": null,
    "width": null,
    "length": null,
    "image": {
      "thumbnail": "https://pickbazarlaravel.s3.ap-southeast-1.amazonaws.com/1727/conversions/Laptop-thumbnail.jpg",
      "original": "https://pickbazarlaravel.s3.ap-southeast-1.amazonaws.com/1727/Laptop.jpg",
      "id": 1727,
      "file_name": "Laptop.jpg"
    },
    "video": [],
    "gallery": [
      {
        "thumbnail": "https://pickbazarlaravel.s3.ap-southeast-1.amazonaws.com/1728/conversions/Laptop-thumbnail.jpg",
        "original": "https://pickbazarlaravel.s3.ap-southeast-1.amazonaws.com/1728/Laptop.jpg",
        "id": 1728,
        "file_name": "Laptop.jpg"
      },
      {
        "thumbnail": "https://pickbazarlaravel.s3.ap-southeast-1.amazonaws.com/1729/conversions/Laptop-1-thumbnail.jpg",
        "original": "https://pickbazarlaravel.s3.ap-southeast-1.amazonaws.com/1729/Laptop-1.jpg",
        "id": 1729,
        "file_name": "Laptop-1.jpg"
      },
      {
        "thumbnail": "https://pickbazarlaravel.s3.ap-southeast-1.amazonaws.com/1730/conversions/Laptop-2-thumbnail.jpg",
        "original": "https://pickbazarlaravel.s3.ap-southeast-1.amazonaws.com/1730/Laptop-2.jpg",
        "id": 1730,
        "file_name": "Laptop-2.jpg"
      },
      {
        "thumbnail": "https://pickbazarlaravel.s3.ap-southeast-1.amazonaws.com/1731/conversions/Laptop-3-thumbnail.jpg",
        "original": "https://pickbazarlaravel.s3.ap-southeast-1.amazonaws.com/1731/Laptop-3.jpg",
        "id": 1731,
        "file_name": "Laptop-3.jpg"
      }
    ],
    "deleted_at": null,
    "created_at": "2023-10-02T13:37:07.000000Z",
    "updated_at": "2023-11-16T04:26:28.000000Z",
    "author_id": null,
    "manufacturer_id": 12,
    "is_digital": 0,
    "is_external": 0,
    "external_product_url": null,
    "external_product_button_text": null,
    "blocked_dates": [],
    "ratings": 0,
    "total_reviews": 0,
    "rating_count": [],
    "my_review": null,
    "in_wishlist": false,
    "translated_languages": ["en"]
  },
  {
    "id": 957,
    "name": "Azsus VivoBook Pro 15",
    "slug": "azsus-vivobook-pro-15-ggw",
    "description": "Introducing the Azsus VivoBook Pro 15: Unleash Your Creative Power\n\nMeet the Azsus VivoBook Pro 15, a powerhouse of creativity and performance that redefines what a laptop can achieve. Designed to cater to the needs of professionals and creative enthusiasts alike, this laptop combines stunning visuals, robust processing, and thoughtful design.\n\nThe Vivo Book Pro 15 boasts a vibrant 4K UHD display that brings your visual projects to life with incredible clarity and color accuracy. Whether you\u2019re editing photos, creating videos, or designing graphics, the immersive display ensures that every detail is captured with precision.\n\nUnder the hood, the laptop is fueled by powerful Intel Core processors and dedicated NVIDIA GeForce graphics, making resource-intensive tasks a breeze. The combination of ample RAM and fast storage options ensures smooth multitasking and lightning-fast data access, enhancing your productivity.\n\nThe backlit keyboard not only adds a touch of sophistication but also allows for comfortable typing in any lighting condition. The laptop\u2019s sleek aluminum chassis exudes premium craftsmanship, making it a device that stands out both in the boardroom and the creative studio.\n\nWith comprehensive connectivity options, including USB-C and HDMI ports, the VivoBook Pro 15 ensures that you\u2019re ready to connect to various devices and peripherals. The laptop also offers advanced security features, such as a fingerprint sensor for quick and secure logins.\n\nThe Azsus VivoBook Pro 15 is not just a laptop; it\u2019s a canvas for your imagination, a tool for your ambitions, and a partner in your journey to greatness. Whether you\u2019re a content creator, designer, or professional, this laptop empowers you to turn your ideas into reality with unrivaled performance and precision.",
    "type_id": 9,
    "price": 750,
    "shop_id": 9,
    "sale_price": null,
    "language": "en",
    "min_price": 750,
    "max_price": 750,
    "sku": "23124",
    "quantity": 451,
    "sold_quantity": 0,
    "in_stock": 1,
    "is_taxable": 0,
    "in_flash_sale": 1,
    "shipping_class_id": null,
    "status": "publish",
    "product_type": "simple",
    "unit": "1 pcs",
    "height": null,
    "width": null,
    "length": null,
    "image": {
      "thumbnail": "https://pickbazarlaravel.s3.ap-southeast-1.amazonaws.com/1747/conversions/Laptop-3-thumbnail.jpg",
      "original": "https://pickbazarlaravel.s3.ap-southeast-1.amazonaws.com/1747/Laptop-3.jpg",
      "id": 1747,
      "file_name": "Laptop-3.jpg"
    },
    "video": [],
    "gallery": [
      {
        "thumbnail": "https://pickbazarlaravel.s3.ap-southeast-1.amazonaws.com/1760/conversions/Laptop-3-thumbnail.jpg",
        "original": "https://pickbazarlaravel.s3.ap-southeast-1.amazonaws.com/1760/Laptop-3.jpg",
        "id": 1760,
        "file_name": "Laptop-3.jpg"
      },
      {
        "thumbnail": "https://pickbazarlaravel.s3.ap-southeast-1.amazonaws.com/1761/conversions/Laptop-4-thumbnail.jpg",
        "original": "https://pickbazarlaravel.s3.ap-southeast-1.amazonaws.com/1761/Laptop-4.jpg",
        "id": 1761,
        "file_name": "Laptop-4.jpg"
      },
      {
        "thumbnail": "https://pickbazarlaravel.s3.ap-southeast-1.amazonaws.com/1762/conversions/Laptop-5-thumbnail.jpg",
        "original": "https://pickbazarlaravel.s3.ap-southeast-1.amazonaws.com/1762/Laptop-5.jpg",
        "id": 1762,
        "file_name": "Laptop-5.jpg"
      },
      {
        "thumbnail": "https://pickbazarlaravel.s3.ap-southeast-1.amazonaws.com/1763/conversions/Laptop-2-thumbnail.jpg",
        "original": "https://pickbazarlaravel.s3.ap-southeast-1.amazonaws.com/1763/Laptop-2.jpg",
        "id": 1763,
        "file_name": "Laptop-2.jpg"
      }
    ],
    "deleted_at": null,
    "created_at": "2023-10-02T13:44:23.000000Z",
    "updated_at": "2023-11-16T04:26:28.000000Z",
    "author_id": null,
    "manufacturer_id": 11,
    "is_digital": 0,
    "is_external": 0,
    "external_product_url": null,
    "external_product_button_text": null,
    "blocked_dates": [],
    "ratings": 0,
    "total_reviews": 0,
    "rating_count": [],
    "my_review": null,
    "in_wishlist": false,
    "translated_languages": ["en"]
  },
  {
    "id": 959,
    "name": "Azsus ProArt PA329Q Professional Monitor",
    "slug": "azsus-proart-pa329q-professional-monitor",
    "description": "The Azsus ProArt PA329Q is a premium-grade professional monitor meticulously crafted for content creators and graphic designers. Boasting a generous 32-inch 4K UHD (3840x2160) display, it provides a vast canvas for creative work. What truly sets this monitor apart is its exceptional color accuracy, supporting 100% Adobe RGB and 99.5% DCI-P3 color gamuts. The ProArt PA329Q is factory calibrated to ensure precise color consistency right out of the box, and it includes a 14-bit look-up table (LUT) for fine-tuned color adjustments. Connectivity options are extensive, making it a versatile choice for professionals, and its ergonomic design allows for comfortable and productive long hours of work.",
    "type_id": 9,
    "price": 325,
    "shop_id": 9,
    "sale_price": null,
    "language": "en",
    "min_price": 325,
    "max_price": 325,
    "sku": "23123",
    "quantity": 256,
    "sold_quantity": 0,
    "in_stock": 1,
    "is_taxable": 0,
    "in_flash_sale": 1,
    "shipping_class_id": null,
    "status": "publish",
    "product_type": "simple",
    "unit": "1 pcs",
    "height": null,
    "width": null,
    "length": null,
    "image": {
      "thumbnail": "https://pickbazarlaravel.s3.ap-southeast-1.amazonaws.com/1769/conversions/Monitor-4-thumbnail.jpg",
      "original": "https://pickbazarlaravel.s3.ap-southeast-1.amazonaws.com/1769/Monitor-4.jpg",
      "id": 1769,
      "file_name": "Monitor-4.jpg"
    },
    "video": [],
    "gallery": [
      {
        "thumbnail": "https://pickbazarlaravel.s3.ap-southeast-1.amazonaws.com/1770/conversions/Monitor-4-thumbnail.jpg",
        "original": "https://pickbazarlaravel.s3.ap-southeast-1.amazonaws.com/1770/Monitor-4.jpg",
        "id": 1770,
        "file_name": "Monitor-4.jpg"
      },
      {
        "thumbnail": "https://pickbazarlaravel.s3.ap-southeast-1.amazonaws.com/1771/conversions/monitor-thumbnail.jpg",
        "original": "https://pickbazarlaravel.s3.ap-southeast-1.amazonaws.com/1771/monitor.jpg",
        "id": 1771,
        "file_name": "monitor.jpg"
      },
      {
        "thumbnail": "https://pickbazarlaravel.s3.ap-southeast-1.amazonaws.com/1772/conversions/monitor-1-thumbnail.jpg",
        "original": "https://pickbazarlaravel.s3.ap-southeast-1.amazonaws.com/1772/monitor-1.jpg",
        "id": 1772,
        "file_name": "monitor-1.jpg"
      },
      {
        "thumbnail": "https://pickbazarlaravel.s3.ap-southeast-1.amazonaws.com/1773/conversions/Monitor-3-thumbnail.jpg",
        "original": "https://pickbazarlaravel.s3.ap-southeast-1.amazonaws.com/1773/Monitor-3.jpg",
        "id": 1773,
        "file_name": "Monitor-3.jpg"
      }
    ],
    "deleted_at": null,
    "created_at": "2023-10-02T13:53:42.000000Z",
    "updated_at": "2023-11-16T04:26:28.000000Z",
    "author_id": null,
    "manufacturer_id": 11,
    "is_digital": 0,
    "is_external": 0,
    "external_product_url": null,
    "external_product_button_text": null,
    "blocked_dates": [],
    "ratings": 0,
    "total_reviews": 0,
    "rating_count": [],
    "my_review": null,
    "in_wishlist": false,
    "translated_languages": ["en"]
  }
]
