[
  {
    "id": 8,
    "title": "Disclaimers and Limitation of Liability",
    "slug": "disclaimers-and-limitation-of-liability",
    "description": "The Website is provided \"as is\" and \"as available\" without any warranties, either expressed or implied. Pickbazar shall not be liable for any direct, indirect, incidental, special, consequential, or punitive damages resulting from the use or inability to use the Website.",
    "type": "global",
    "issued_by": "Super Admin",
    "is_approved": 1,
    "language": "en",
    "translated_languages": ["en"]
  },
  {
    "id": 9,
    "title": "Intellectual Property",
    "slug": "intellectual-property",
    "description": "The Website and its original content, features, and functionality are owned by [Your Company] and are protected by international copyright, trademark, and other intellectual property laws.",
    "type": "global",
    "issued_by": "Super Admin",
    "is_approved": 1,
    "language": "en",
    "translated_languages": ["en"]
  },
  {
    "id": 10,
    "title": "Privacy Policy",
    "slug": "privacy-policy",
    "description": "Your use of the Website is also governed by our Privacy Policy, which can be found [link to Privacy Policy]. By using the Website, you consent to the practices described in the Privacy Policy.",
    "type": "global",
    "issued_by": "Super Admin",
    "is_approved": 1,
    "language": "en",
    "translated_languages": ["en"]
  },
  {
    "id": 11,
    "title": "Use of the Website",
    "slug": "use-of-the-website",
    "description": "You must be at least [Age] years old to use this Website. By using the Website, you represent and warrant that you are at least [Age] years old. You agree to use the Website for lawful purposes only and in a manner that does not infringe upon the rights of others.",
    "type": "global",
    "issued_by": "Super Admin",
    "is_approved": 1,
    "language": "en",
    "translated_languages": ["en"]
  },
  {
    "id": 12,
    "title": "Acceptance of Terms",
    "slug": "acceptance-of-terms",
    "description": "By using this Website, you agree to comply with and be bound by these terms and conditions. If you do not agree to these terms, please do not use the Website.",
    "type": "global",
    "issued_by": "Super Admin",
    "is_approved": 1,
    "language": "en",
    "translated_languages": ["en"]
  },
  {
    "id": 1,
    "title": "Disclaimers and Limitation of Liability",
    "slug": "disclaimers-and-limitation-of-liability",
    "description": "The Website is provided \"as is\" and \"as available\" without any warranties, either expressed or implied. Pickbazar shall not be liable for any direct, indirect, incidental, special, consequential, or punitive damages resulting from the use or inability to use the Website.",
    "type": "global",
    "issued_by": "Super Admin",
    "is_approved": 1,
    "language": "en",
    "translated_languages": ["en"]
  },
  {
    "id": 2,
    "title": "Intellectual Property",
    "slug": "intellectual-property",
    "description": "The Website and its original content, features, and functionality are owned by [Your Company] and are protected by international copyright, trademark, and other intellectual property laws.",
    "type": "global",
    "issued_by": "Super Admin",
    "is_approved": 1,
    "language": "en",
    "translated_languages": ["en"]
  },
  {
    "id": 3,
    "title": "Privacy Policy",
    "slug": "privacy-policy",
    "description": "Your use of the Website is also governed by our Privacy Policy, which can be found [link to Privacy Policy]. By using the Website, you consent to the practices described in the Privacy Policy.",
    "type": "global",
    "issued_by": "Super Admin",
    "is_approved": 1,
    "language": "en",
    "translated_languages": ["en"]
  },
  {
    "id": 4,
    "title": "Use of the Website",
    "slug": "use-of-the-website",
    "description": "You must be at least [Age] years old to use this Website. By using the Website, you represent and warrant that you are at least [Age] years old. You agree to use the Website for lawful purposes only and in a manner that does not infringe upon the rights of others.",
    "type": "global",
    "issued_by": "Super Admin",
    "is_approved": 1,
    "language": "en",
    "translated_languages": ["en"]
  },
  {
    "id": 5,
    "title": "Acceptance of Terms",
    "slug": "acceptance-of-terms",
    "description": "By using this Website, you agree to comply with and be bound by these terms and conditions. If you do not agree to these terms, please do not use the Website.",
    "type": "global",
    "issued_by": "Super Admin",
    "is_approved": 1,
    "language": "en",
    "translated_languages": ["en"]
  }
]
