[
  {
    "id": 3,
    "name": "Customer",
    "email": "customer@demo.com",
    "email_verified_at": null,
    "created_at": "2021-08-18T10:30:29.000000Z",
    "updated_at": "2022-01-22T03:01:51.000000Z",
    "is_active": 0,
    "shop_id": null,
    "profile": {
      "id": 2,
      "avatar": null,
      "bio": "",
      "socials": null,
      "contact": "19365141641631",
      "customer_id": 2,
      "created_at": "2021-08-18T13:17:53.000000Z",
      "updated_at": "2021-08-18T13:17:53.000000Z"
    },
    "address": [
      {
        "id": 1,
        "title": "Billing",
        "type": "billing",
        "default": 0,
        "address": {
          "zip": "99614",
          "city": "Kipnuk",
          "state": "AK",
          "country": "United States",
          "street_address": "2231 Kidd Avenue"
        },
        "customer_id": 2,
        "created_at": "2021-08-18T13:18:03.000000Z",
        "updated_at": "2021-08-18T13:18:03.000000Z"
      },
      {
        "id": 2,
        "title": "Shipping",
        "type": "shipping",
        "default": 0,
        "address": {
          "zip": "40391",
          "city": "Winchester",
          "state": "KY",
          "country": "United States",
          "street_address": "2148  Straford Park"
        },
        "customer_id": 2,
        "created_at": "2021-08-18T13:18:12.000000Z",
        "updated_at": "2021-08-18T13:18:12.000000Z"
      }
    ],
    "permissions": [
      {
        "id": 1,
        "name": "super_admin",
        "guard_name": "api",
        "created_at": "2021-06-27T04:13:00.000000Z",
        "updated_at": "2021-06-27T04:13:00.000000Z",
        "pivot": {
          "model_id": 2,
          "permission_id": 1,
          "model_type": "Marvel\\Database\\Models\\User"
        }
      },
      {
        "id": 2,
        "name": "customer",
        "guard_name": "api",
        "created_at": "2021-06-27T04:13:00.000000Z",
        "updated_at": "2021-06-27T04:13:00.000000Z",
        "pivot": {
          "model_id": 2,
          "permission_id": 2,
          "model_type": "Marvel\\Database\\Models\\User"
        }
      }
    ]
  },
  {
    "id": 2,
    "name": "Admin User",
    "email": "admin@demo.com",
    "email_verified_at": null,
    "created_at": "2022-01-17T10:47:23.000000Z",
    "updated_at": "2022-01-17T10:47:23.000000Z",
    "is_active": 1,
    "shop_id": null,
    "profile": null,
    "address": [
      {
        "id": 1,
        "title": "Billing",
        "type": "billing",
        "default": 0,
        "address": {
          "zip": "99614",
          "city": "Kipnuk",
          "state": "AK",
          "country": "United States",
          "street_address": "2231 Kidd Avenue"
        },
        "customer_id": 2,
        "created_at": "2021-08-18T13:18:03.000000Z",
        "updated_at": "2021-08-18T13:18:03.000000Z"
      },
      {
        "id": 2,
        "title": "Shipping",
        "type": "shipping",
        "default": 0,
        "address": {
          "zip": "40391",
          "city": "Winchester",
          "state": "KY",
          "country": "United States",
          "street_address": "2148  Straford Park"
        },
        "customer_id": 2,
        "created_at": "2021-08-18T13:18:12.000000Z",
        "updated_at": "2021-08-18T13:18:12.000000Z"
      }
    ],
    "permissions": [
      {
        "id": 1,
        "name": "super_admin",
        "guard_name": "api",
        "created_at": "2021-06-27T04:13:00.000000Z",
        "updated_at": "2021-06-27T04:13:00.000000Z",
        "pivot": {
          "model_id": 3,
          "permission_id": 1,
          "model_type": "Marvel\\Database\\Models\\User"
        }
      },
      {
        "id": 2,
        "name": "customer",
        "guard_name": "api",
        "created_at": "2021-06-27T04:13:00.000000Z",
        "updated_at": "2021-06-27T04:13:00.000000Z",
        "pivot": {
          "model_id": 3,
          "permission_id": 2,
          "model_type": "Marvel\\Database\\Models\\User"
        }
      },
      {
        "id": 3,
        "name": "store_owner",
        "guard_name": "api",
        "created_at": "2021-06-27T04:13:00.000000Z",
        "updated_at": "2021-06-27T04:13:00.000000Z",
        "pivot": {
          "model_id": 3,
          "permission_id": 3,
          "model_type": "Marvel\\Database\\Models\\User"
        }
      }
    ]
  },
  {
    "id": 1,
    "name": "Store Owner",
    "email": "store_owner@demo.com",
    "email_verified_at": null,
    "created_at": "2021-06-27T04:13:00.000000Z",
    "updated_at": "2022-01-22T03:01:54.000000Z",
    "is_active": 0,
    "shop_id": null,
    "profile": {
      "id": 1,
      "avatar": {
        "id": "883",
        "original": "https://pickbazarlaravel.s3.ap-southeast-1.amazonaws.com/881/aatik-tasneem-7omHUGhhmZ0-unsplash%402x.png",
        "thumbnail": "https://pickbazarlaravel.s3.ap-southeast-1.amazonaws.com/881/conversions/aatik-tasneem-7omHUGhhmZ0-unsplash%402x-thumbnail.jpg"
      },
      "bio": "This is the store owner and we have 6 shops under our banner. We are running all the shops to give our customers hassle-free service and quality products. Our goal is to provide best possible customer service and products for our clients",
      "socials": null,
      "contact": "12365141641631",
      "customer_id": 1,
      "created_at": "2021-06-30T11:20:29.000000Z",
      "updated_at": "2021-06-30T14:13:53.000000Z"
    },
    "address": [
      {
        "id": 1,
        "title": "Billing",
        "type": "billing",
        "default": 0,
        "address": {
          "zip": "99614",
          "city": "Kipnuk",
          "state": "AK",
          "country": "United States",
          "street_address": "2231 Kidd Avenue"
        },
        "customer_id": 2,
        "created_at": "2021-08-18T13:18:03.000000Z",
        "updated_at": "2021-08-18T13:18:03.000000Z"
      },
      {
        "id": 2,
        "title": "Shipping",
        "type": "shipping",
        "default": 0,
        "address": {
          "zip": "40391",
          "city": "Winchester",
          "state": "KY",
          "country": "United States",
          "street_address": "2148  Straford Park"
        },
        "customer_id": 2,
        "created_at": "2021-08-18T13:18:12.000000Z",
        "updated_at": "2021-08-18T13:18:12.000000Z"
      }
    ],
    "permissions": [
      {
        "id": 2,
        "name": "customer",
        "guard_name": "api",
        "created_at": "2021-06-27T04:13:00.000000Z",
        "updated_at": "2021-06-27T04:13:00.000000Z",
        "pivot": {
          "model_id": 1,
          "permission_id": 2,
          "model_type": "Marvel\\Database\\Models\\User"
        }
      },
      {
        "id": 3,
        "name": "store_owner",
        "guard_name": "api",
        "created_at": "2021-06-27T04:13:00.000000Z",
        "updated_at": "2021-06-27T04:13:00.000000Z",
        "pivot": {
          "model_id": 1,
          "permission_id": 3,
          "model_type": "Marvel\\Database\\Models\\User"
        }
      }
    ]
  }
]
